"","Taxa","Sub.lineage","Major.Sub.lineage","Sub.lineage.sing","TPA.pinecone.sublineage","Sample_Name"
"1","15169_6#65.Treponema.ds2500000-reads","singleton_1","2","singleton_1","Singleton","Mexico_A-mcf"
"2","27455_4#10.Treponema.ds2500000-reads","singleton_2","2","singleton_2","Singleton","PHE140073A"
"3","31963_2#11.Treponema.ds2500000-reads","singleton_3","2","singleton_3","Singleton","TPA_USL-BAL-2"
"4","22931_6#11.Treponema.ds2500000-reads","15","2","15","1","NL16"
"5","27455_2#29.Treponema.ds2500000-reads","15","2","15","1","PHE160315A"
"6","SRR3268732.Treponema.ds301291-reads","15","2","15","1","SW6"
"7","27455_4#12.Treponema.ds2500000-reads","15","2","15","1","PHE150131A"
"8","27455_5#23.Treponema.ds2500000-reads","15","2","15","1","PHE160260A"
"9","27455_7#10.Treponema.ds2276873-reads","15","2","15","1","PHE150123A"
"10","27455_5#31.Treponema.ds2500000-reads","15","2","15","1","PHE160311A"
"11","27455_2#36.Treponema.ds2500000-reads","15","2","15","1","PHE170408A"
"12","27455_3#42.Treponema.ds2500000-reads","15","2","15","1","PHE170402A"
"13","27455_4#37.Treponema.ds2500000-reads","15","2","15","1","PHE170398A"
"14","24141_5#15.Treponema.ds2500000-reads","15","2","15","1","UW473B"
"15","27455_3#38.Treponema.ds2500000-reads","15","2","15","1","PHE170380A"
"16","27455_4#34.Treponema.ds2500000-reads","15","2","15","1","PHE170365A"
"17","24141_7#15.Treponema.ds2500000-reads","15","2","15","1","UW492B"
"18","24141_6#18.Treponema.ds2500000-reads","15","2","15","1","UW148B"
"19","31818_6#25.Treponema.ds2134448-reads","15","2","15","1","TPA_BCC183"
"20","24141_5#5.Treponema.ds2500000-reads","15","2","15","1","UW248B"
"21","27455_1#11.Treponema.ds2500000-reads","15","2","15","1","PHE160249A"
"22","27455_4#26.Treponema.ds2500000-reads","15","2","15","1","PHE160254A"
"23","29007_3#8.Treponema.ds2500000-reads","15","2","15","1","PHE170379A"
"24","SRR3571785.Treponema.ds1709469-reads","15","2","15","1","PT_SIF1020"
"25","SRR3571786.Treponema.ds277675-reads","15","2","15","1","PT_SIF1063"
"26","SRR3584842.Treponema.ds1181556-reads","15","2","15","1","PT_SIF1183"
"27","22931_6#5.Treponema.ds2500000-reads","16","2","16","1","NL10"
"28","27455_2#17.Treponema.ds2500000-reads","16","2","16","1","PHE160240A"
"29","27455_3#5.Treponema.ds2500000-reads","16","2","16","1","PHE130045A"
"30","27455_2#1.Treponema.ds2500000-reads","16","2","16","1","PHE120011A"
"31","27455_3#2.Treponema.ds2500000-reads","16","2","16","1","PHE120021A"
"32","27455_3#8.Treponema.ds2500000-reads","16","2","16","1","PHE140095A"
"33","27455_3#26.Treponema.ds2195280-reads","16","2","16","1","PHE160301A"
"34","27455_7#30.Treponema.ds2158791-reads","16","2","16","1","PHE170362A"
"35","27455_7#3.Treponema.ds2500000-reads","16","2","16","1","PHE120032A"
"36","27455_3#35.Treponema.ds2500000-reads","16","2","16","1","PHE170356A"
"37","27455_4#14.Treponema.ds2500000-reads","16","2","16","1","PHE150138A"
"38","27455_2#31.Treponema.ds2500000-reads","16","2","16","1","PHE170346A"
"39","27455_2#34.Treponema.ds2500000-reads","16","2","16","1","PHE170387A"
"40","31822_2#12.Treponema.ds1329667-reads","16","2","16","1","TPA_UKLEE006"
"41","24141_6#3.Treponema.ds2500000-reads","16","2","16","1","UW411B"
"42","24141_5#7.Treponema.ds2500000-reads","16","2","16","1","UW823B"
"43","27455_3#12.Treponema.ds2500000-reads","16","2","16","1","PHE150148A"
"44","31818_1#11.Treponema.ds2500000-reads","16","2","16","1","TPA_BCC109"
"45","27455_2#14.Treponema.ds2500000-reads","16","2","16","1","PHE160203A"
"46","31818_4#5.Treponema.ds952114-reads","16","2","16","1","TPA_UKBRG009"
"47","31818_5#25.Treponema.ds843705-reads","16","2","16","1","TPA_ESBCN004"
"48","31818_3#26.Treponema.ds2500000-reads","16","2","16","1","TPA_BCC185"
"49","27455_4#21.Treponema.ds2500000-reads","16","2","16","1","PHE160197A"
"50","27455_3#37.Treponema.ds2397526-reads","16","2","16","1","PHE170367A"
"51","31818_2#13.Treponema.ds1580416-reads","16","2","16","1","TPA_BCC198"
"52","31818_2#12.Treponema.ds2121900-reads","16","2","16","1","TPA_BCC181"
"53","31818_6#27.Treponema.ds1178315-reads","16","2","16","1","TPA_BCC194"
"54","27455_4#5.Treponema.ds2500000-reads","16","2","16","1","PHE130036A"
"55","35231_3#27.Treponema.ds1156757-reads","16","2","16","1","TPA_SWE-1352"
"56","31818_4#18.Treponema.ds2500000-reads","16","2","16","1","TPA_UKBIR052"
"57","27455_1#2.Treponema.ds2500000-reads","16","2","16","1","PHE130052A"
"58","27455_5#36.Treponema.ds2500000-reads","16","2","16","1","PHE170378A"
"59","31818_6#12.Treponema.ds1011880-reads","16","2","16","1","TPA_BCC138"
"60","31818_6#13.Treponema.ds1530595-reads","16","2","16","1","TPA_BCC140"
"61","27455_3#39.Treponema.ds2500000-reads","16","2","16","1","PHE170384A"
"62","27455_4#25.Treponema.ds2500000-reads","16","2","16","1","PHE160247A"
"63","27455_4#11.Treponema.ds2500000-reads","16","2","16","1","PHE150130A"
"64","35190_3#10.Treponema.ds1236408-reads","16","2","16","1","TPA_HUN190018"
"65","27455_2#16.Treponema.ds2500000-reads","16","2","16","1","PHE160214A"
"66","27455_7#20.Treponema.ds2500000-reads","16","2","16","1","PHE160242A"
"67","33027_7#30.Treponema.ds2500000-reads","16","2","16","1","TPA_OMI033"
"68","27455_6#4.Treponema.ds2270395-reads","16","2","16","1","PHE130038A"
"69","29007_3#17.Treponema.ds2500000-reads","16","2","16","1","PHE160271A"
"70","31818_1#23.Treponema.ds1242931-reads","16","2","16","1","TPA_ALC023"
"71","27455_3#1.Treponema.ds2500000-reads","16","2","16","1","PHE120009B"
"72","27455_4#4.Treponema.ds2500000-reads","16","2","16","1","PHE120022A"
"73","27455_5#2.Treponema.ds2500000-reads","16","2","16","1","PHE120006A"
"74","27455_4#6.Treponema.ds2500000-reads","16","2","16","1","PHE130047A"
"75","27455_6#7.Treponema.ds2238189-reads","16","2","16","1","PHE130049A"
"76","27455_5#5.Treponema.ds2500000-reads","16","2","16","1","PHE130053A"
"77","27455_6#2.Treponema.ds2267554-reads","16","2","16","1","PHE120027A"
"78","35190_3#1.Treponema.ds1067218-reads","16","2","16","1","TPA_HUN180001"
"79","31822_1#29.Treponema.ds2500000-reads","16","2","16","1","TPA_OMI015"
"80","27455_4#24.Treponema.ds2500000-reads","16","2","16","1","PHE160234A"
"81","31818_2#16.Treponema.ds1186655-reads","16","2","16","1","TPA_ALC035"
"82","27455_4#9.Treponema.ds2500000-reads","16","2","16","1","PHE130056A"
"83","33027_5#24.Treponema.ds2500000-reads","16","2","16","1","TPA_ALC162"
"84","33027_5#7.Treponema.ds2500000-reads","16","2","16","1","TPA_ALC115"
"85","27455_4#2.Treponema.ds2500000-reads","16","2","16","1","PHE120013A"
"86","31818_5#31.Treponema.ds2373703-reads","16","2","16","1","TPA_EIR013"
"87","SRR3268722.Treponema.ds2500000-reads","16","2","16","1","AU15"
"88","SRR3268723.Treponema.ds2077609-reads","16","2","16","1","AU16"
"89","31818_2#6.Treponema.ds2500000-reads","16","2","16","1","TPA_BCC141"
"90","SRR3268736.Treponema.ds906419-reads","16","2","16","1","SW8"
"91","31963_2#10.Treponema.ds2500000-reads","16","2","16","1","TPA_BCC134"
"92","31818_6#30.Treponema.ds2500000-reads","16","2","16","1","TPA_EIR008"
"93","31822_2#28.Treponema.ds2500000-reads","16","2","16","1","TPA_OMI075"
"94","35231_3#6.Treponema.ds2500000-reads","16","2","16","1","TPA_HUN180007"
"95","27455_3#17.Treponema.ds2500000-reads","16","2","16","1","PHE160217A"
"96","31818_3#6.Treponema.ds2500000-reads","16","2","16","1","TPA_UKMAN054"
"97","27455_5#33.Treponema.ds2500000-reads","16","2","16","1","PHE170345A"
"98","31818_6#21.Treponema.ds763249-reads","16","2","16","1","TPA_BCC172"
"99","31818_3#14.Treponema.ds2500000-reads","16","2","16","1","TPA_BCC199"
"100","31818_6#28.Treponema.ds936353-reads","16","2","16","1","TPA_BCC195"
"101","27455_8#1.Treponema.ds2158516-reads","16","2","16","1","PHE120003A"
"102","33027_7#29.Treponema.ds2500000-reads","16","2","16","1","TPA_OMI022"
"103","31818_3#17.Treponema.ds2500000-reads","16","2","16","1","TPA_ALC055"
"104","22931_6#6.Treponema.ds2500000-reads","16","2","16","1","NL11"
"105","27455_3#32.Treponema.ds2500000-reads","16","2","16","1","PHE170343A"
"106","27455_4#17.Treponema.ds2500000-reads","16","2","16","1","PHE150153A"
"107","31818_1#9.Treponema.ds2500000-reads","16","2","16","1","TPA_BCC049"
"108","31818_1#1.Treponema.ds2500000-reads","16","2","16","1","TPA_BCC061"
"109","31818_5#19.Treponema.ds1736478-reads","16","2","16","1","TPA_BCC052"
"110","SRR8501169.ds2038886-reads","16","2","16","1","CW84"
"111","24141_5#11.Treponema.ds2500000-reads","16","2","16","1","UW397B"
"112","27455_3#6.Treponema.ds2500000-reads","16","2","16","1","PHE130064A"
"113","27455_7#4.Treponema.ds2059933-reads","16","2","16","1","PHE120034A"
"114","SRR3268707.Treponema.ds1661286-reads","16","2","16","1","NE17"
"115","27455_2#26.Treponema.ds2500000-reads","16","2","16","1","PHE160298A"
"116","35231_3#31.Treponema.ds2500000-reads","16","2","16","1","TPA_AUSBR-113"
"117","27455_3#33.Treponema.ds2500000-reads","16","2","16","1","PHE170351A"
"118","27455_2#30.Treponema.ds2500000-reads","16","2","16","1","PHE170328A"
"119","27455_3#24.Treponema.ds2500000-reads","16","2","16","1","PHE160299A"
"120","27455_5#15.Treponema.ds2500000-reads","16","2","16","1","PHE160189A"
"121","27455_7#31.Treponema.ds2322856-reads","16","2","16","1","PHE170369A"
"122","31818_3#4.Treponema.ds1648869-reads","16","2","16","1","TPA_UKMAN047"
"123","27455_5#35.Treponema.ds2500000-reads","16","2","16","1","PHE170366A"
"124","29007_3#5.Treponema.ds2500000-reads","16","2","16","1","PHE160265A"
"125","29007_3#7.Treponema.ds2500000-reads","16","2","16","1","PHE160295A"
"126","27455_4#18.Treponema.ds2500000-reads","16","2","16","1","PHE150154A"
"127","27455_5#14.Treponema.ds2500000-reads","16","2","16","1","PHE150175A"
"128","33027_7#25.Treponema.ds2500000-reads","16","2","16","1","TPA_UKBIR030"
"129","31818_3#24.Treponema.ds1397038-reads","16","2","16","1","TPA_BCC123"
"130","35231_3#25.Treponema.ds2500000-reads","16","2","16","1","TPA_SWE-662"
"131","31818_1#18.Treponema.ds2500000-reads","16","2","16","1","TPA_BCC157"
"132","27455_1#7.Treponema.ds2500000-reads","16","2","16","1","PHE160190A"
"133","27455_2#18.Treponema.ds2500000-reads","16","2","16","1","PHE160253A"
"134","27455_5#18.Treponema.ds2500000-reads","16","2","16","1","PHE160238A"
"135","27455_6#18.Treponema.ds2500000-reads","16","2","16","1","PHE160184A"
"136","31818_6#9.Treponema.ds1320140-reads","16","2","16","1","TPA_BCC129"
"137","31818_6#23.Treponema.ds1292706-reads","16","2","16","1","TPA_BCC180"
"138","31822_1#6.Treponema.ds2431970-reads","16","2","16","1","TPA_ALC015"
"139","22931_6#8.Treponema.ds1618428-reads","16","2","16","1","NL13"
"140","31818_6#20.Treponema.ds1975997-reads","16","2","16","1","TPA_BCC166"
"141","27455_4#20.Treponema.ds2500000-reads","16","2","16","1","PHE150163A"
"142","27455_8#12.Treponema.ds1814051-reads","16","2","16","1","PHE150158A"
"143","27455_4#33.Treponema.ds2500000-reads","16","2","16","1","PHE170355A"
"144","27455_6#16.Treponema.ds1729631-reads","16","2","16","1","PHE150173A"
"145","27455_6#9.Treponema.ds2500000-reads","16","2","16","1","PHE140081A"
"146","31818_1#3.Treponema.ds2500000-reads","16","2","16","1","TPA_BCC079"
"147","24141_6#19.Treponema.ds2500000-reads","16","2","16","1","UW852B"
"148","24141_7#19.Treponema.ds2500000-reads","16","2","16","1","UW526B"
"149","27455_3#3.Treponema.ds2500000-reads","16","2","16","1","PHE120024A"
"150","SRR8501170.ds1033042-reads","16","2","16","1","CW87"
"151","31818_3#10.Treponema.ds2500000-reads","16","2","16","1","TPA_BCC055"
"152","SRR8501162.ds2012532-reads","16","2","16","1","CW56"
"153","24141_8#7.Treponema.ds2500000-reads","16","2","16","1","UW327B"
"154","24141_8#9.Treponema.ds2500000-reads","16","2","16","1","UW264B"
"155","31818_3#15.Treponema.ds2500000-reads","16","2","16","1","TPA_EIR017"
"156","35190_3#17.Treponema.ds2500000-reads","16","2","16","1","TPA_SWE-467"
"157","27455_6#1.Treponema.ds2500000-reads","16","2","16","1","PHE120025A"
"158","31818_4#3.Treponema.ds1969076-reads","16","2","16","1","TPA_UKBRG010"
"159","31818_2#5.Treponema.ds1727886-reads","16","2","16","1","TPA_BCC132"
"160","27455_3#19.Treponema.ds2500000-reads","16","2","16","1","PHE160239A"
"161","27455_5#22.Treponema.ds2500000-reads","16","2","16","1","PHE160248A"
"162","31818_6#8.Treponema.ds1374311-reads","16","2","16","1","TPA_BCC128"
"163","27455_6#35.Treponema.ds2500000-reads","16","2","16","1","PHE170373A"
"164","31818_2#2.Treponema.ds1556842-reads","16","2","16","1","TPA_BCC064"
"165","31818_5#23.Treponema.ds2500000-reads","16","2","16","1","TPA_BCC108"
"166","27455_3#40.Treponema.ds2500000-reads","16","2","16","1","PHE170388A"
"167","24141_7#17.Treponema.ds2500000-reads","16","2","16","1","UW259B"
"168","27455_2#8.Treponema.ds2500000-reads","16","2","16","1","PHE150126A"
"169","27455_8#9.Treponema.ds2348135-reads","16","2","16","1","PHE150125A"
"170","31818_4#1.Treponema.ds2500000-reads","16","2","16","1","TPA_UKBRG012"
"171","31818_5#12.Treponema.ds1064598-reads","16","2","16","1","TPA_ALC076"
"172","31822_1#4.Treponema.ds2500000-reads","16","2","16","1","TPA_BCC111"
"173","27455_3#15.Treponema.ds2500000-reads","16","2","16","1","PHE160198A"
"174","31818_5#29.Treponema.ds2500000-reads","16","2","16","1","TPA_BCC156"
"175","27455_4#29.Treponema.ds2458436-reads","16","2","16","1","PHE160292A"
"176","31818_6#26.Treponema.ds838203-reads","16","2","16","1","TPA_BCC191"
"177","27455_6#6.Treponema.ds2221021-reads","16","2","16","1","PHE130046A"
"178","27455_7#9.Treponema.ds2500000-reads","16","2","16","1","PHE140105A"
"179","31818_3#18.Treponema.ds1654256-reads","16","2","16","1","TPA_BCC032"
"180","31818_6#4.Treponema.ds914046-reads","16","2","16","1","TPA_ALC053"
"181","31818_3#22.Treponema.ds2500000-reads","16","2","16","1","TPA_BCC063"
"182","27455_4#3.Treponema.ds2500000-reads","16","2","16","1","PHE120019A"
"183","27455_5#16.Treponema.ds2500000-reads","16","2","16","1","PHE160199A"
"184","31818_6#22.Treponema.ds1506309-reads","16","2","16","1","TPA_BCC176"
"185","31818_3#27.Treponema.ds2488018-reads","16","2","16","1","TPA_BCC186"
"186","31818_3#7.Treponema.ds1601042-reads","16","2","16","1","TPA_UKMAN003"
"187","35231_3#29.Treponema.ds2500000-reads","16","2","16","1","TPA_AUSBR-39"
"188","27455_6#22.Treponema.ds2091548-reads","16","2","16","1","PHE160227A"
"189","31818_2#10.Treponema.ds2312002-reads","16","2","16","1","TPA_BCC174"
"190","35231_3#24.Treponema.ds1583154-reads","16","2","16","1","TPA_SWE-575"
"191","31818_1#17.Treponema.ds2500000-reads","16","2","16","1","TPA_BCC154"
"192","31818_3#12.Treponema.ds2500000-reads","16","2","16","1","TPA_BCC127"
"193","27455_5#34.Treponema.ds2500000-reads","16","2","16","1","PHE170348A"
"194","31818_6#24.Treponema.ds1068293-reads","16","2","16","1","TPA_BCC182"
"195","31822_2#11.Treponema.ds1806600-reads","16","2","16","1","TPA_UKBIR049"
"196","31818_6#16.Treponema.ds2500000-reads","16","2","16","1","TPA_BCC145"
"197","31818_2#11.Treponema.ds2500000-reads","16","2","16","1","TPA_BCC175"
"198","SRR3268758.Treponema.ds504230-reads","16","2","16","1","UW249B"
"199","31818_3#23.Treponema.ds2486985-reads","16","2","16","1","TPA_BCC102"
"200","31818_3#16.Treponema.ds2500000-reads","16","2","16","1","TPA_ALC034"
"201","27455_1#31.Treponema.ds2500000-reads","16","2","16","1","PHE170407A"
"202","31818_5#26.Treponema.ds1048322-reads","16","2","16","1","TPA_ESBCN002"
"203","31818_2#7.Treponema.ds1886502-reads","16","2","16","1","TPA_BCC147"
"204","27455_3#10.Treponema.ds2500000-reads","16","2","16","1","PHE150110A"
"205","27455_5#12.Treponema.ds2500000-reads","16","2","16","1","PHE150161A"
"206","29007_2#3.Treponema.ds2500000-reads","16","2","16","1","PHE170409A"
"207","31818_1#19.Treponema.ds2500000-reads","16","2","16","1","TPA_BCC163"
"208","22931_6#7.Treponema.ds726081-reads","16","2","16","1","NL12"
"209","27455_3#29.Treponema.ds2256813-reads","16","2","16","1","PHE160309A"
"210","27455_4#19.Treponema.ds2500000-reads","16","2","16","1","PHE150160A"
"211","27455_5#1.Treponema.ds2500000-reads","16","2","16","1","PHE120001A"
"212","31818_5#5.Treponema.ds988956-reads","16","2","16","1","TPA_ALC036"
"213","29007_3#10.Treponema.ds2500000-reads","16","2","16","1","PHE160602A"
"214","31818_5#22.Treponema.ds1386523-reads","16","2","16","1","TPA_BCC107"
"215","27455_8#7.Treponema.ds2500000-reads","16","2","16","1","PHE140090A"
"216","33027_5#10.Treponema.ds2500000-reads","16","2","16","1","TPA_ALC124"
"217","27455_5#11.Treponema.ds2500000-reads","16","2","16","1","PHE150122A"
"218","27455_5#39.Treponema.ds2500000-reads","16","2","16","1","PHE170403A"
"219","31818_6#18.Treponema.ds1597921-reads","16","2","16","1","TPA_BCC153"
"220","27455_2#28.Treponema.ds2500000-reads","16","2","16","1","PHE160312A"
"221","27455_5#20.Treponema.ds2500000-reads","16","2","16","1","PHE160245A"
"222","31818_4#15.Treponema.ds2500000-reads","16","2","16","1","TPA_UKMAN027"
"223","31963_2#6.Treponema.ds2500000-reads","16","2","16","1","TPA_BCC030"
"224","27455_2#23.Treponema.ds2500000-reads","16","2","16","1","PHE160280A"
"225","33027_5#12.Treponema.ds2500000-reads","16","2","16","1","TPA_ALC126"
"226","27455_3#20.Treponema.ds2500000-reads","16","2","16","1","PHE160256A"
"227","27455_5#10.Treponema.ds2500000-reads","16","2","16","1","PHE150119A"
"228","35190_3#19.Treponema.ds2500000-reads","16","2","16","1","TPA_AUSBR-45"
"229","35231_3#26.Treponema.ds2500000-reads","16","2","16","1","TPA_SWE-996"
"230","27455_4#1.Treponema.ds2500000-reads","16","2","16","1","PHE120007A"
"231","35190_3#8.Treponema.ds1436673-reads","16","2","16","1","TPA_HUN190017"
"232","27455_6#3.Treponema.ds2500000-reads","16","2","16","1","PHE120028A"
"233","31822_2#9.Treponema.ds1924746-reads","16","2","16","1","TPA_UKBIR043"
"234","31818_1#22.Treponema.ds915605-reads","16","2","16","1","TPA_ALC011"
"235","31818_2#14.Treponema.ds1197249-reads","16","2","16","1","TPA_ALC005"
"236","27455_4#39.Treponema.ds2500000-reads","16","2","16","1","PHE170412A"
"237","31818_1#21.Treponema.ds2500000-reads","16","2","16","1","TPA_BCC187"
"238","33027_7#19.Treponema.ds2500000-reads","16","2","16","1","TPA_BCC103"
"239","29007_3#18.Treponema.ds2500000-reads","16","2","16","1","PHE170319A"
"240","31818_6#10.Treponema.ds946743-reads","16","2","16","1","TPA_BCC135"
"241","31818_3#28.Treponema.ds2134470-reads","16","2","16","1","TPA_BCC197"
"242","24141_8#11.Treponema.ds2500000-reads","16","2","16","1","UW303B"
"243","29007_3#4.Treponema.ds2500000-reads","16","2","16","1","PHE160246A"
"244","31818_3#13.Treponema.ds2500000-reads","16","2","16","1","TPA_BCC196"
"245","31818_4#14.Treponema.ds2500000-reads","16","2","16","1","TPA_UKMAN019"
"246","24141_8#6.Treponema.ds2500000-reads","16","2","16","1","UW304B"
"247","27455_1#1.Treponema.ds2500000-reads","16","2","16","1","PHE130040A"
"248","24141_7#2.Treponema.ds2500000-reads","16","2","16","1","UW379B"
"249","27455_2#21.Treponema.ds2500000-reads","16","2","16","1","PHE160264A"
"250","27455_3#30.Treponema.ds2500000-reads","16","2","16","1","PHE170329A"
"251","27455_3#7.Treponema.ds2500000-reads","16","2","16","1","PHE140074A"
"252","27455_6#36.Treponema.ds1973875-reads","16","2","16","1","PHE170392A"
"253","35231_3#32.Treponema.ds2500000-reads","16","2","16","1","TPA_RUS_Tuva-26"
"254","27455_3#16.Treponema.ds2500000-reads","16","2","16","1","PHE160211A"
"255","27455_4#30.Treponema.ds2041608-reads","16","2","16","1","PHE160308A"
"256","31818_3#29.Treponema.ds1666674-reads","16","2","16","1","TPA_ALC077"
"257","27455_5#8.Treponema.ds2500000-reads","16","2","16","1","PHE150113A"
"258","27455_6#14.Treponema.ds2247594-reads","16","2","16","1","PHE150155A"
"259","27455_7#32.Treponema.ds2500000-reads","16","2","16","1","PHE170370A"
"260","31818_3#11.Treponema.ds2500000-reads","16","2","16","1","TPA_BCC106"
"261","31818_4#19.Treponema.ds2500000-reads","16","2","16","1","TPA_UKLEE004"
"262","SRR3584844.Treponema.ds1533577-reads","16","2","16","1","PT_SIF1200"
"263","SRR3584882.Treponema.ds2500000-reads","16","2","16","1","PT_SIF1280"
"264","27455_2#20.Treponema.ds2500000-reads","16","2","16","1","PHE160262A"
"265","27455_4#8.Treponema.ds2500000-reads","16","2","16","1","PHE130054A"
"266","27847_1#2.Treponema.ds2173255-reads","16","2","16","1","PHE130051A"
"267","27455_6#20.Treponema.ds1994172-reads","16","2","16","1","PHE160216A"
"268","27455_6#10.Treponema.ds2500000-reads","16","2","16","1","PHE140083A"
"269","SRR3584884.Treponema.ds305258-reads","16","2","16","1","PT_SIF1299"
"270","SRR3584879.Treponema.ds235573-reads","16","2","16","1","PT_SIF1278"
"271","35231_3#28.Treponema.ds1878128-reads","16","2","16","1","TPA_SWE-2189"
"272","SRR3584839.Treponema.ds280471-reads","16","2","16","1","PT_SIF1142"
"273","SRR3571775.Treponema.ds572707-reads","16","2","16","1","PT_SIF0877_3"
"274","SRR3584875.Treponema.ds1968237-reads","16","2","16","1","PT_SIF1261"
"275","SRR3584871.Treponema.ds2018221-reads","16","2","16","1","PT_SIF1252"
"276","SRR3571778.Treponema.ds1267709-reads","16","2","16","1","PT_SIF0954"
"277","27455_4#36.Treponema.ds2500000-reads","16","2","16","1","PHE170385A"
"278","24141_6#7.Treponema.ds2500000-reads","16","2","16","1","UW074B"
"279","24141_7#4.Treponema.ds2500000-reads","16","2","16","1","UW383B"
"280","27455_3#25.Treponema.ds1917036-reads","16","2","16","1","PHE160300A"
"281","27455_7#2.Treponema.ds2500000-reads","16","2","16","1","PHE120016A"
"282","27455_7#5.Treponema.ds2475114-reads","16","2","16","1","PHE130060A"
"283","31818_6#17.Treponema.ds1023824-reads","16","2","16","1","TPA_BCC146"
"284","33027_7#31.Treponema.ds2500000-reads","16","2","16","1","TPA_OMI029"
"285","SRR8501163.ds2500000-reads","16","2","16","1","CW30"
"286","24141_3#11.Treponema.ds2500000-reads","17","2","17","1","UW298B"
"287","24141_5#12.Treponema.ds2500000-reads","17","2","17","1","UW257B"
"288","24141_6#1.Treponema.ds2500000-reads","17","2","17","1","UW344B"
"289","24141_7#3.Treponema.ds2500000-reads","17","2","17","1","UW126B"
"290","24141_7#18.Treponema.ds2500000-reads","17","2","17","1","UW134B"
"291","24141_6#14.Treponema.ds2500000-reads","17","2","17","1","UW147B"
"292","24141_6#6.Treponema.ds2500000-reads","17","2","17","1","UW102B"
"293","24141_6#11.Treponema.ds2500000-reads","17","2","17","1","UW125B"
"294","24141_6#17.Treponema.ds2500000-reads","17","2","17","1","UW181B"
"295","24141_6#8.Treponema.ds2500000-reads","17","2","17","1","UW368B"
"296","24141_6#15.Treponema.ds2500000-reads","17","2","17","1","UW138B"
"297","24141_8#10.Treponema.ds2500000-reads","17","2","17","1","UW149B"
"298","24141_8#12.Treponema.ds2500000-reads","17","2","17","1","UW104B"
"299","24141_5#20.Treponema.ds2500000-reads","17","2","17","1","UW133B"
"300","24141_7#12.Treponema.ds2500000-reads","18","2","18","1","UW093B"
"301","31818_1#8.Treponema.ds2494170-reads","18","2","18","1","TPA_BCC023"
"302","24141_8#2.Treponema.ds2500000-reads","18","2","18","1","UW155B"
"303","31818_5#18.Treponema.ds1714371-reads","18","2","18","1","TPA_BCC036"
"304","24141_7#8.Treponema.ds2500000-reads","18","2","18","1","UW211B"
"305","31818_1#7.Treponema.ds1645849-reads","18","2","18","1","TPA_BCC008"
"306","31822_1#1.Treponema.ds1544709-reads","18","2","18","1","TPA_BCC005"
"307","31818_2#1.Treponema.ds1886633-reads","18","2","18","1","TPA_BCC034"
"308","31963_2#7.Treponema.ds2500000-reads","18","2","18","1","TPA_BCC040"
"309","31818_2#17.Treponema.ds2500000-reads","18","2","18","1","TPA_BCC014"
"310","31818_3#19.Treponema.ds979722-reads","18","2","18","1","TPA_BCC038"
"311","31822_1#2.Treponema.ds2500000-reads","18","2","18","1","TPA_BCC009"
"312","31822_2#3.Treponema.ds1973773-reads","18","2","18","1","TPA_BCC044"
"313","27455_3#34.Treponema.ds2500000-reads","19","2","19","1","PHE170352A"
"314","SRR10041774.Treponema.ds2500000-reads","19","2","19","1","SMUTp_02"
"315","SRR10041775.Treponema.ds1447020-reads","19","2","19","1","SMUTp_01"
"316","SRR10041768.Treponema.ds4000000-reads","19","2","19","1","SMUTp_08"
"317","31818_5#1.Treponema.ds1548341-reads","singleton_4","2","singleton_4","1","TPA_BCC058"
"318","31822_2#14.Treponema.ds2500000-reads","singleton_5","2","singleton_5","1","TPA_USL-Phil-1"
"319","31818_5#30.Treponema.ds2500000-reads","20","2","20","1","TPA_USL-SEA-87-1"
"320","33027_7#26.Treponema.ds1249382-reads","20","2","20","1","TPA_UKBIR050"
"321","31822_2#15.Treponema.ds2500000-reads","singleton_6","2","singleton_6","1","TPA_USL-Grady-1"
"322","SRR3268682.Treponema.ds2500000-reads","singleton_7","2","singleton_7","1","AR2"
"323","31963_2#13.Treponema.ds2500000-reads","14","2","14","1","TPA_USL-SEA-81-3"
"324","27455_3#21.Treponema.ds1948551-reads","21","2","21","1","PHE160268A"
"325","27614_2#15.Treponema.ds1785277-reads","21","2","21","1","PHE150136A"
"326","27455_4#22.Treponema.ds2500000-reads","22","2","22","1","PHE160215A"
"327","27455_6#33.Treponema.ds2101561-reads","22","2","22","1","PHE170353A"
"328","31963_2#14.Treponema.ds2500000-reads","14","2","14","1","TPA_USL-SEA-84-2"
"329","22931_6#4.Treponema.ds2207961-reads","23","2","23","1","NL09"
"330","24141_7#7.Treponema.ds2500000-reads","23","2","23","1","UW281B"
"331","24141_5#16.Treponema.ds2500000-reads","23","2","23","1","UW140B"
"332","27455_2#19.Treponema.ds2500000-reads","23","2","23","1","PHE160259A"
"333","27455_2#4.Treponema.ds2500000-reads","23","2","23","1","PHE130043A"
"334","27455_5#7.Treponema.ds2500000-reads","23","2","23","1","PHE140093A"
"335","27455_7#13.Treponema.ds2500000-reads","23","2","23","1","PHE150164A"
"336","27455_3#22.Treponema.ds2500000-reads","23","2","23","1","PHE160277A"
"337","27455_7#1.Treponema.ds2500000-reads","23","2","23","1","PHE120014A"
"338","27455_8#3.Treponema.ds2500000-reads","23","2","23","1","PHE120030A"
"339","SRR3584840.Treponema.ds2500000-reads","23","2","23","1","PT_SIF1156"
"340","35231_3#15.Treponema.ds1212055-reads","23","2","23","1","TPA_HUN190023"
"341","SRR3571774.Treponema.ds281646-reads","23","2","23","1","PT_SIF0697"
"342","SRR3584841.Treponema.ds482744-reads","23","2","23","1","PT_SIF1167"
"343","24141_4#11.Treponema.ds2500000-reads","singleton_8","2","singleton_8","1","UW262B"
"344","24141_4#15.Treponema.ds2500000-reads","24","2","24","1","UW391B"
"345","27455_6#15.Treponema.ds2500000-reads","24","2","24","1","PHE150159A"
"346","24141_8#5.Treponema.ds2500000-reads","24","2","24","1","UW195B"
"347","24141_5#4.Treponema.ds2500000-reads","24","2","24","1","UW376B"
"348","24141_7#16.Treponema.ds2500000-reads","24","2","24","1","UW244B"
"349","24141_8#3.Treponema.ds2500000-reads","24","2","24","1","UW280B"
"350","27455_3#4.Treponema.ds2500000-reads","24","2","24","1","PHE130039A"
"351","31818_6#11.Treponema.ds1552254-reads","24","2","24","1","TPA_BCC137"
"352","27455_6#5.Treponema.ds1937857-reads","24","2","24","1","PHE130041A"
"353","27455_8#11.Treponema.ds1992819-reads","24","2","24","1","PHE150151A"
"354","31822_2#7.Treponema.ds2109167-reads","24","2","24","1","TPA_UKBIR026"
"355","31818_5#3.Treponema.ds2500000-reads","24","2","24","1","TPA_OMI002"
"356","31818_1#15.Treponema.ds2500000-reads","24","2","24","1","TPA_BCC139"
"357","31818_6#29.Treponema.ds1041016-reads","24","2","24","1","TPA_UKBRG015"
"358","31822_1#8.Treponema.ds2500000-reads","24","2","24","1","TPA_UKBRG018"
"359","27455_6#8.Treponema.ds2500000-reads","24","2","24","1","PHE130050A"
"360","31818_2#4.Treponema.ds2500000-reads","24","2","24","1","TPA_BCC130"
"361","31818_6#14.Treponema.ds1425049-reads","24","2","24","1","TPA_BCC143"
"362","24141_4#19.Treponema.ds2500000-reads","24","2","24","1","UW291B"
"363","31818_6#7.Treponema.ds1150195-reads","24","2","24","1","TPA_BCC125"
"364","SRR3584843.Treponema.ds2500000-reads","24","2","24","1","PT_SIF1196"
"365","SRR3584845.Treponema.ds2500000-reads","24","2","24","1","PT_SIF1242"
"366","SRR3584965.Treponema.ds405074-reads","24","2","24","1","PT_SIF0857"
"367","SRR3571783.Treponema.ds1307932-reads","24","2","24","1","PT_SIF1002"
"368","24141_4#18.Treponema.ds2500000-reads","13","2","13","1","UW099B"
"369","24141_3#17.Treponema.ds2500000-reads","13","2","13","1","UW824B"
"370","24141_3#16.Treponema.ds2500000-reads","25","2","25","2","UW370B"
"371","24141_4#12.Treponema.ds2500000-reads","25","2","25","2","UW337B"
"372","24141_6#12.Treponema.ds2500000-reads","25","2","25","2","UW330B"
"373","24141_6#2.Treponema.ds2500000-reads","25","2","25","2","UW254B"
"374","24141_5#17.Treponema.ds2500000-reads","25","2","25","2","UW186B"
"375","24141_4#6.Treponema.ds2500000-reads","25","2","25","2","UW116B"
"376","24141_6#20.Treponema.ds2500000-reads","25","2","25","2","UW213B"
"377","24141_6#5.Treponema.ds2500000-reads","25","2","25","2","UW228B"
"378","24141_7#6.Treponema.ds2500000-reads","25","2","25","2","UW231B"
"379","27455_4#13.Treponema.ds2500000-reads","25","2","25","2","PHE150137A"
"380","24141_7#10.Treponema.ds2500000-reads","25","2","25","2","UW215B"
"381","27847_1#8.Treponema.ds2500000-reads","25","2","25","2","PHE150129A"
"382","31818_4#4.Treponema.ds2500000-reads","25","2","25","2","TPA_UKBRG017"
"383","31818_6#19.Treponema.ds779083-reads","25","2","25","2","TPA_BCC161"
"384","33027_6#3.Treponema.ds2500000-reads","25","2","25","2","TPA_ALC105"
"385","33027_7#28.Treponema.ds2500000-reads","25","2","25","2","TPA_OMI006"
"386","24141_6#4.Treponema.ds2500000-reads","25","2","25","2","UW187B"
"387","27455_3#13.Treponema.ds2500000-reads","25","2","25","2","PHE150177A"
"388","SRR2996724.Treponema.ds2500000-reads","25","2","25","2","SHC_0"
"389","SRR2996728.Treponema.ds225397-reads","25","2","25","2","B3"
"390","SRR2996725.Treponema.ds2500000-reads","25","2","25","2","SHD_R"
"391","SRR2996726.Treponema.ds1117177-reads","25","2","25","2","SHE_V"
"392","SRR2996729.Treponema.ds1156472-reads","25","2","25","2","C3"
"393","SRR2996732.Treponema.ds2500000-reads","25","2","25","2","Q3"
"394","SRR2996727.Treponema.ds537460-reads","25","2","25","2","SHG_I2"
"395","31818_1#2.Treponema.ds2500000-reads","25","2","25","2","TPA_BCC075"
"396","31818_5#21.Treponema.ds1659292-reads","25","2","25","2","TPA_BCC085"
"397","NZ_CP015162.1","25","2","25","2","Amoy"
"398","SRR2996730.Treponema.ds1809764-reads","25","2","25","2","K3"
"399","31822_1#5.Treponema.ds2500000-reads","25","2","25","2","TPA_BCC165"
"400","SRR10041772.Treponema.ds2500000-reads","25","2","25","2","SMUTp_04"
"401","31963_2#4.Treponema.ds2500000-reads","25","2","25","2","TPA_BCC004"
"402","35190_3#15.Treponema.ds2500000-reads","26","2","26","5","TPA_RUS_Tuva-41"
"403","35231_3#19.Treponema.ds2500000-reads","26","2","26","5","TPA_RUS_Tuva-62"
"404","35231_3#22.Treponema.ds2500000-reads","26","2","26","5","TPA_RUS_Tuva-59"
"405","35231_3#18.Treponema.ds2500000-reads","26","2","26","5","TPA_RUS_Tuva-58"
"406","35231_3#16.Treponema.ds2500000-reads","26","2","26","5","TPA_RUS_Tuva-39"
"407","35231_3#17.Treponema.ds2500000-reads","26","2","26","5","TPA_RUS_Tuva-49"
"408","35231_3#21.Treponema.ds2500000-reads","26","2","26","5","TPA_RUS_Tuva-54"
"409","35190_3#16.Treponema.ds2500000-reads","26","2","26","5","TPA_RUS_Tuva-61"
"410","27455_7#7.Treponema.ds2500000-reads","27","2","27","3","PHE140084A"
"411","35190_3#4.Treponema.ds1261428-reads","27","2","27","3","TPA_HUN190008"
"412","35231_3#20.Treponema.ds1647329-reads","27","2","27","3","TPA_RUS_Tuva-67"
"413","35231_3#23.Treponema.ds2500000-reads","27","2","27","3","TPA_SWE-507"
"414","35190_3#14.Treponema.ds2500000-reads","27","2","27","3","TPA_HUN200024"
"415","SRR3268685.Treponema.ds2191278-reads","27","2","27","3","CZ27"
"416","35231_3#14.Treponema.ds2302412-reads","27","2","27","3","TPA_HUN190022"
"417","31822_1#7.Treponema.ds2500000-reads","27","2","27","3","TPA_UKBRG004"
"418","31818_1#6.Treponema.ds2500000-reads","singleton_9","2","singleton_9","4","TPA_USL-SEA-81-8"
"419","31818_3#31.Treponema.ds2321164-reads","28","2","28","4","TPA_ZIM025"
"420","31822_2#26.Treponema.ds2390007-reads","28","2","28","4","TPA_ZIM024"
"421","31818_4#24.Treponema.ds2374474-reads","28","2","28","4","TPA_ZIM005"
"422","31822_2#19.Treponema.ds1243584-reads","28","2","28","4","TPA_ZIM004"
"423","31822_2#22.Treponema.ds1357976-reads","28","2","28","4","TPA_ZIM009"
"424","31822_2#21.Treponema.ds2209089-reads","28","2","28","4","TPA_ZIM007"
"425","33027_7#27.Treponema.ds2500000-reads","28","2","28","4","TPA_ZIM019"
"426","31818_4#29.Treponema.ds2500000-reads","28","2","28","4","TPA_ZIM028"
"427","NC_021508_1_1","29","2","29",NA,NA
"428","NC_021508.1","29","2","29","Singleton","SS14_v2"
"429","15169_7#74.Treponema.ds2500000-reads","11","1","11","7","Seattle_81-4"
"430","31818_2#22.Treponema.ds2500000-reads","11","1","11","7","TPA_USL-SEA-83-2"
"431","27455_1#16.Treponema.ds1926466-reads","12","1","12","6","PHE160283A"
"432","29007_3#15.Treponema.ds2500000-reads","12","1","12","6","PHE130048A"
"433","31818_2#24.Treponema.ds2500000-reads","singleton_10","1","singleton_10","Singleton","TPA_USL-Haiti-B"
"434","22931_6#12.Treponema.ds778035-reads","6","1","6","14","NL17"
"435","27455_1#12.Treponema.ds2500000-reads","6","1","6","14","PHE160255A"
"436","27455_1#27.Treponema.ds2500000-reads","6","1","6","14","PHE170374A"
"437","27455_1#28.Treponema.ds2500000-reads","6","1","6","14","PHE170381A"
"438","27455_1#23.Treponema.ds2500000-reads","6","1","6","14","PHE170333A"
"439","27455_2#5.Treponema.ds2114712-reads","6","1","6","14","PHE140089A"
"440","29007_2#2.Treponema.ds2500000-reads","6","1","6","14","PHE160302A"
"441","29007_2#8.Treponema.ds2500000-reads","6","1","6","14","PHE160290A"
"442","27455_2#11.Treponema.ds2252752-reads","6","1","6","14","PHE150162A"
"443","31818_4#17.Treponema.ds1338575-reads","6","1","6","14","TPA_UKBIR032"
"444","27455_2#12.Treponema.ds1988448-reads","6","1","6","14","PHE150166A"
"445","29007_2#9.Treponema.ds2500000-reads","6","1","6","14","PHE160306A"
"446","29007_2#7.Treponema.ds2500000-reads","6","1","6","14","PHE160276A"
"447","29007_3#3.Treponema.ds2500000-reads","6","1","6","14","PHE150118A"
"448","29007_3#16.Treponema.ds2500000-reads","6","1","6","14","PHE150143A"
"449","27455_1#25.Treponema.ds2500000-reads","6","1","6","14","PHE170349A"
"450","27455_1#5.Treponema.ds2500000-reads","6","1","6","14","PHE150145A"
"451","27455_2#9.Treponema.ds2500000-reads","6","1","6","14","PHE150133A"
"452","27455_1#9.Treponema.ds2500000-reads","6","1","6","14","PHE160224A"
"453","31822_1#19.Treponema.ds1596910-reads","6","1","6","14","TPA_ESBCN005"
"454","27455_1#4.Treponema.ds2500000-reads","6","1","6","14","PHE150121A"
"455","29007_3#11.Treponema.ds2500000-reads","6","1","6","14","PHE170664A"
"456","27455_1#3.Treponema.ds2500000-reads","6","1","6","14","PHE140085A"
"457","22931_6#13.Treponema.ds2422288-reads","6","1","6","14","NL19"
"458","27455_8#13.Treponema.ds2147530-reads","6","1","6","14","PHE150168A"
"459","27455_1#10.Treponema.ds2500000-reads","6","1","6","14","PHE160243A"
"460","22931_6#9.Treponema.ds2500000-reads","6","1","6","14","NL14"
"461","27455_1#13.Treponema.ds1547402-reads","6","1","6","14","PHE160263A"
"462","27455_1#15.Treponema.ds1811142-reads","6","1","6","14","PHE160274A"
"463","27455_1#19.Treponema.ds1356696-reads","6","1","6","14","PHE160294A"
"464","27455_1#29.Treponema.ds2500000-reads","6","1","6","14","PHE170386A"
"465","27455_2#13.Treponema.ds1801457-reads","6","1","6","14","PHE150170A"
"466","27455_2#35.Treponema.ds1621612-reads","6","1","6","14","PHE170397A"
"467","27455_2#10.Treponema.ds2500000-reads","6","1","6","14","PHE150149A"
"468","29007_3#2.Treponema.ds2500000-reads","6","1","6","14","PHE140076A"
"469","31818_1#14.Treponema.ds1297850-reads","6","1","6","14","TPA_BCC136"
"470","27455_1#30.Treponema.ds2500000-reads","6","1","6","14","PHE170405A"
"471","31822_1#23.Treponema.ds1918163-reads","6","1","6","14","TPA_UKBIR044"
"472","35190_3#3.Treponema.ds1868063-reads","6","1","6","14","TPA_HUN180004"
"473","31963_2#17.Treponema.ds2500000-reads","6","1","6","14","TPA_UKBRG008"
"474","27455_1#26.Treponema.ds2500000-reads","6","1","6","14","PHE170372A"
"475","31818_1#10.Treponema.ds933524-reads","6","1","6","14","TPA_BCC089"
"476","31818_1#5.Treponema.ds1891107-reads","6","1","6","14","TPA_BCC101"
"477","31818_1#20.Treponema.ds833104-reads","6","1","6","14","TPA_BCC169"
"478","31818_2#18.Treponema.ds2500000-reads","6","1","6","14","TPA_BCC122"
"479","27455_1#18.Treponema.ds2379833-reads","6","1","6","14","PHE160287A"
"480","27455_1#20.Treponema.ds2500000-reads","6","1","6","14","PHE160316A"
"481","31818_1#13.Treponema.ds689520-reads","6","1","6","14","TPA_BCC126"
"482","31818_1#4.Treponema.ds1036532-reads","6","1","6","14","TPA_BCC081"
"483","31818_4#2.Treponema.ds1597286-reads","6","1","6","14","TPA_UKBRG007"
"484","27455_1#8.Treponema.ds2500000-reads","6","1","6","14","PHE160196A"
"485","31963_2#8.Treponema.ds2500000-reads","6","1","6","14","TPA_BCC088"
"486","35190_3#12.Treponema.ds2500000-reads","6","1","6","14","TPA_HUN190020"
"487","27455_1#21.Treponema.ds2500000-reads","6","1","6","14","PHE160317A"
"488","27455_1#6.Treponema.ds1998946-reads","6","1","6","14","PHE150150A"
"489","31963_2#5.Treponema.ds2500000-reads","singleton_11","1","singleton_11","Singleton","TPA_BCC012"
"490","31818_4#25.Treponema.ds860109-reads","7","1","7","13","TPA_ZIM014"
"491","31818_4#27.Treponema.ds1989153-reads","7","1","7","13","TPA_ZIM018"
"492","31822_1#27.Treponema.ds1418347-reads","7","1","7","13","TPA_ZIM015"
"493","31822_2#24.Treponema.ds1433124-reads","7","1","7","13","TPA_ZIM020"
"494","27455_2#2.Treponema.ds2500000-reads","8","1","8","15","PHE120026A"
"495","27455_2#3.Treponema.ds2007497-reads","8","1","8","15","PHE120029A"
"496","29007_3#1.Treponema.ds2500000-reads","8","1","8","15","PHE120033A"
"497","31822_1#22.Treponema.ds1597451-reads","9","1","9","16","TPA_UKBIR028"
"498","SRR8501164.ds356365-reads","9","1","9","16","CW65"
"499","31822_1#28.Treponema.ds2460254-reads","10","1","10","17","TPA_SA006"
"500","SRR8501166.ds2500000-reads","10","1","10","17","CW83"
"501","24141_5#18.Treponema.ds2471082-reads","5","1","5","8","UW189B"
"502","24141_8#8.Treponema.ds1965222-reads","5","1","5","8","UW202B"
"503","24141_6#9.Treponema.ds2411473-reads","5","1","5","8","UW279B"
"504","27455_1#22.Treponema.ds2500000-reads","5","1","5","8","PHE170322A"
"505","27455_1#24.Treponema.ds2500000-reads","5","1","5","8","PHE170336B"
"506","35190_3#18.Treponema.ds2500000-reads","5","1","5","8","TPA_AUSBR-41"
"507","27455_2#6.Treponema.ds2500000-reads","5","1","5","8","PHE150114A"
"508","31818_1#16.Treponema.ds776110-reads","5","1","5","8","TPA_BCC142"
"509","31822_1#30.Treponema.ds2500000-reads","5","1","5","8","TPA_OMI021"
"510","29007_3#9.Treponema.ds2500000-reads","5","1","5","8","PHE170401A"
"511","SRR3268710.Treponema.ds473145-reads","5","1","5","8","NE20"
"512","31818_2#23.Treponema.ds2500000-reads","5","1","5","8","TPA_USL-SEA-86-1"
"513","31963_2#3.Treponema.ds2500000-reads","5","1","5","8","TPA_EIR015"
"514","SRR8501171.ds2230553-reads","5","1","5","8","CW86"
"515","SRR8501165.ds2500000-reads","singleton_12","1","singleton_12","8","CW59"
"516","SRR8501167.ds2500000-reads","singleton_13","1","singleton_13","Singleton","CW82"
"517","31818_2#25.Treponema.ds2500000-reads","4","1","4","9","TPA_USL-Phil-3"
"518","SRR3268715.Treponema.ds810142-reads","4","1","4","9","BAL3"
"519","31822_2#31.Treponema.ds2500000-reads","4","1","4","9","TPA_USL-BAL-8"
"520","15169_6#54.Treponema.ds2500000-reads","3","1","3","12","Chicago_tube2"
"521","Melbourne-1.Treponema.ds1004132-reads","3","1","3","12","TPA_AUSMELT-1"
"522","31818_2#20.Treponema.ds2500000-reads","2","1","2","12","TPA_USL-BAL-6"
"523","31963_2#12.Treponema.ds2500000-reads","2","1","2","12","TPA_USL-BAL-7"
"524","SRR3268726.Treponema.ds378720-reads","singleton_14","1","singleton_14","Singleton","BAL73"
"525","15169_6#56.Treponema.ds2500000-reads","1","1","1","11","Nichols_Houston_E"
"526","NC_021490.2","1","1","1","11","Nichols_v2"
"527","15169_6#60.Treponema.ds2500000-reads","1","1","1","11","Nichols_Houston_O"
"528","15169_6#52.Treponema.ds2500000-reads","1","1","1","10","Nichols_Houston_J"
"529","31818_2#21.Treponema.ds2500000-reads","1","1","1","10","TPA_USL-SEA-83-1"
"530","NC_016844.1","1","1","1","10","DAL-1"
"531","NZ_CP010422.1","1","1","1","10","Seattle_Nichols"
"532","15169_6#53.Treponema.ds2352679-reads","singleton_15","0","singleton_15",NA,"IraqB-mcf"
"533","NZ_CP007548.1","singleton_16","0","singleton_16",NA,"BosniaA"
"534","19444_8#14.Treponema.ds2033782-reads","30","3","30",NA,"CP0495"
"535","19444_8#15.Treponema.ds1410649-reads","30","3","30",NA,"CP0492"
"536","19444_8#9.Treponema.ds1440088-reads","30","3","30",NA,"CP0465"
"537","19444_8#2.Treponema.ds2500000-reads","30","3","30",NA,"WP0022.7.scab"
"538","19444_8#6.Treponema.ds996438-reads","30","3","30",NA,"WP0022.5"
"539","27455_1#33.Treponema.ds2500000-reads","30","3","30",NA,"R2-SR-001B"
"540","27455_1#35.Treponema.ds1996686-reads","30","3","30",NA,"R5-SAM-001"
"541","27455_1#36.Treponema.ds2257535-reads","30","3","30",NA,"R6-SAM1-001"
"542","29007_2#16-cat","30","3","30",NA,"R7-LAN-005"
"543","29007_2#17-cat","30","3","30",NA,"R6-HUR-007"
"544","29007_2#19-cat","30","3","30",NA,"R4-ZUE-021"
"545","29007_2#15-cat","30","3","30",NA,"R5-ZUE-007"
"546","27455_1#39.Treponema.ds1964426-reads","30","3","30",NA,"R2-106190"
"547","31818_4#22.Treponema.ds1946125-reads","30","3","30",NA,"TPP_PNGM_15-110"
"548","27455_1#46.Treponema.ds2500000-reads","30","3","30",NA,"R2-64919"
"549","27455_1#34.Treponema.ds1615846-reads","30","3","30",NA,"R8-LMC-004"
"550","31818_4#21.Treponema.ds1736502-reads","30","3","30",NA,"TPP_PNGM_19-24"
"551","27455_1#43.Treponema.ds2185158-reads","30","3","30",NA,"R8-KOS-004"
"552","31822_1#24.Treponema.ds1413611-reads","30","3","30",NA,"TPP_PNGM_19-20"
"553","29007_2#12-cat","30","3","30",NA,"R7-PUT1-002"
"554","29007_2#11-cat","30","3","30",NA,"R8-KOS-007"
"555","27455_1#40.Treponema.ds1406393-reads","30","3","30",NA,"R8-MAZ-003"
"556","31818_3#30.Treponema.ds1107598-reads","30","3","30",NA,"TPP_PNGM_17-14"
"557","31818_4#20.Treponema.ds1155518-reads","30","3","30",NA,"TPP_PNGM_17-19"
"558","31822_1#25.Treponema.ds1070224-reads","30","3","30",NA,"TPP_PNGM_18-11"
"559","29007_2#4-cat","singleton_17","3","singleton_17",NA,"R3-SAL-007"
"560","SRR3268738.Treponema.ds2500000-reads","singleton_18","3","singleton_18",NA,"Samoa_D"
"561","27455_1#38.Treponema.ds2500000-reads","31","3","31",NA,"R7-KUN2-001"
"562","31818_4#23.Treponema.ds1230537-reads","31","3","31",NA,"TPP_PNGM_19-27"
"563","NZ_CP024089.1","singleton_19","3","singleton_19",NA,"Sei_Geringging_K403"
"564","SRR3268698.Treponema.ds2500000-reads","singleton_20","3","singleton_20",NA,"IND1_Kampung_Dalan_K363"
"565","31963_2#30.Treponema.ds1879748-reads","singleton_21","3","singleton_21",NA,"TPP_GHA006"
"566","LMNP-1--cat.Treponema.ds547120-reads","singleton_22","3","singleton_22",NA,"LMNP-1"
"567","SRR10430858.Treponema.ds2500000-reads","32","3","32",NA,"2116-OKA"
"568","SRS5636328.Treponema.ds1473261-reads","32","3","32",NA,"5847-CHAT"
"569","SRR4308604.Treponema.ds527529-reads","singleton_23","3","singleton_23",NA,"Ta√ØNP-2"
"570","NC_016843.1","singleton_24","3","singleton_24",NA,"Gauthier"
"571","31963_2#15.Treponema.ds2500000-reads","singleton_25","3","singleton_25",NA,"TPA_USL-CDC-1"
"572","ERR4065503.Treponema.ds2500000-reads","singleton_26","3","singleton_26",NA,"SJN003"
"573","31818_1#28.Treponema.ds2500000-reads","33","3","33",NA,"TPP_GHA012"
"574","31818_2#30.Treponema.ds2500000-reads","33","3","33",NA,"TPP_GHA013"
"575","31963_2#29.Treponema.ds2500000-reads","33","3","33",NA,"TPP_GHA015"
"576","31963_2#31.Treponema.ds1611484-reads","33","3","33",NA,"TPP_GHA016"
"577","31818_1#32.Treponema.ds2500000-reads","33","3","33",NA,"TPP_GHA032"
"578","31822_1#11.Treponema.ds1487699-reads","33","3","33",NA,"TPP_GHA114"
"579","31822_1#9.Treponema.ds2500000-reads","33","3","33",NA,"TPP_GHA067"
"580","31822_1#13.Treponema.ds1348610-reads","33","3","33",NA,"TPP_GHA119"
"581","31822_1#15.Treponema.ds966760-reads","33","3","33",NA,"TPP_GHA149"
"582","31818_1#30.Treponema.ds2500000-reads","33","3","33",NA,"TPP_GHA009"
"583","31818_1#31.Treponema.ds2500000-reads","33","3","33",NA,"TPP_GHA002"
"584","31818_2#31.Treponema.ds2500000-reads","33","3","33",NA,"TPP_GHA003"
"585","31818_2#32.Treponema.ds2500000-reads","33","3","33",NA,"TPP_GHA005"
"586","31818_4#8.Treponema.ds1337068-reads","33","3","33",NA,"TPP_GHA116"
"587","31963_2#18.Treponema.ds1420819-reads","33","3","33",NA,"TPP_GHA111"
"588","NC_016848.1","singleton_27","3","singleton_27",NA,"CDC2"
"589","31818_1#25.Treponema.ds2500000-reads","34","3","34",NA,"TPP_LIB013"
"590","31818_1#26.Treponema.ds2500000-reads","34","3","34",NA,"TPP_LIB003"
"591","31963_2#25.Treponema.ds2500000-reads","34","3","34",NA,"TPP_LIB008"
"592","31963_2#26.Treponema.ds2500000-reads","34","3","34",NA,"TPP_LIB006"
"593","31818_1#27.Treponema.ds2355082-reads","34","3","34",NA,"TPP_LIB011"
"594","31818_2#28.Treponema.ds2500000-reads","34","3","34",NA,"TPP_LIB012"
"595","31963_2#28.Treponema.ds2500000-reads","34","3","34",NA,"TPP_LIB004"
"596","31818_2#26.Treponema.ds2500000-reads","34","3","34",NA,"TPP_LIB017"
"597","31963_2#23.Treponema.ds1508056-reads","34","3","34",NA,"TPP_LIB018"
"598","31963_2#24.Treponema.ds2500000-reads","34","3","34",NA,"TPP_LIB015"
"599","31818_2#27.Treponema.ds2500000-reads","34","3","34",NA,"TPP_LIB001"
"600","31963_2#27.Treponema.ds2500000-reads","34","3","34",NA,"TPP_LIB005"
"601","NC_021179.1","singleton_28","3","singleton_28",NA,"Fribourg-Blanc"
"602","OMHU01000001-OMHU01000103","singleton_29","3","singleton_29",NA,"A12"
"603","OMPM01000001-OMPM01000006","singleton_30","3","singleton_30",NA,"A10"
"604","SRR4308606.Treponema.ds2500000-reads","singleton_31","3","singleton_31",NA,"NKNP-1"
"605","OMHZ01000001-OMHZ01000216","singleton_32","3","singleton_32",NA,"SNK07"
"606","OMHW01000001-OMHW01000017","singleton_33","3","singleton_33",NA,"BNK07"
"607","SRR4308597.Treponema.ds2500000-reads","35","3","35",NA,"Gambia-1"
"608","SRR4308605.Treponema.ds2500000-reads","35","3","35",NA,"Gambia-2"
