name	pool	seq	size	%gc	tm (use 65)
all_1_LEFT	1	ATATACTGGCCGCTTACCTTGC	22	50.00	60.73
all_1_RIGHT	1	CTGAGAGGGGGTGGTGTTTTCT	22	54.55	62.07
all_2_LEFT	1	GTGAGGTGTTGGGTTAAGTCCC	22	54.55	60.99
all_2_RIGHT	1	TCGCTCTAGCCAGTTGAGCTAT	22	50.00	61.19
all_3_LEFT	1	CAGATAAGGAGGCGCTTGAGAC	22	54.55	60.98
all_3_RIGHT	1	GCCGTGTGCTCCTTAAGTATTTC	23	47.83	60.18
all_4_LEFT	1	AAGAAGAAACGACACGGAGTCC	22	50.00	60.72
all_4_RIGHT	1	TCGATGAAGGAGATCGGAGAGG	22	54.55	60.99
all_5_LEFT	1	CCGAAATAATTGAAGCGCGCAT	22	45.45	61.03
all_5_RIGHT	1	AAGCTTTTTAGGCGCGGTAGAA	22	45.45	61.05
all_6_LEFT	1	CGGTGGGATACTCCTGTTGAAG	22	54.55	60.60
all_6_RIGHT	1	GTAAACCGTCGTACACCTGACC	22	54.55	61.10
all_7_LEFT	1	AAAAGGACCCGTGGTACCTACT	22	50.00	60.95
all_7_RIGHT	1	GGCTACCAAGTCAGTGCCAATT	22	50.00	61.32
all_8_LEFT	1	ATTATCGGGGGAGTGGGATCTC	22	54.55	61.01
all_8_RIGHT	1	TGAAATCTCCCTGACCGATCGA	22	50.00	61.13
all_9_LEFT	1	GCTACATGGATGCGAAGGATGT	22	50.00	60.99
all_9_RIGHT	1	ATTTTCTGCAAACGAAAGCGCA	22	40.91	60.98
all_10_LEFT	1	ATGCGTGATAACAGATCCTGCC	22	50.00	60.99
all_10_RIGHT	1	GCCGCATACTCACAGGAAATTG	22	50.00	60.40
all_11_LEFT	1	AAGACAGCTCAGAGCCTTACGA	22	50.00	61.32
all_11_RIGHT	1	ATCTGCGTCACTCTCTACCGAA	22	50.00	61.12
all_12_LEFT	1	TGTTGTGTCGTTCCTTGGGTTT	22	45.45	61.06
all_12_RIGHT	1	ACTCACCACAGACAATTGCCTC	22	50.00	60.99
all_13_LEFT	1	CTGTCTGGTTGAACTCTCGCTC	22	54.55	61.10
all_13_RIGHT	1	AAAACGGGAGAGAATGTCGACG	22	50.00	61.10
all_14_LEFT	1	GTCACCGGCTCAGAGAAATCTC	22	54.55	60.92
all_14_RIGHT	1	GCGGGCGATTGATGTTTTCTTC	22	50.00	61.22
all_15_LEFT	1	ATTCAATATCCGCATCGGTCGG	22	50.00	61.11
all_15_RIGHT	1	GATGAGAACGCCAATCCCTGAG	22	54.55	61.24
all_16_LEFT	1	ATTCTTTTCCCGTACGGTCGAC	22	50.00	60.85
all_16_RIGHT	1	GCTCCTTGCCCAAACTACCATT	22	50.00	61.33
all_17_LEFT	1	TGTTGGGAGTGAGCGAAAAGAG	22	50.00	60.99
all_17_RIGHT	1	TGCGACGAGGAAGATAAGTCCT	22	50.00	61.13
all_18_LEFT	1	CCCATCCTGTATCATTGCCTGG	22	54.55	61.00
all_18_RIGHT	1	GTTGGTGGCATACATGGTCGTC	22	54.55	62.00
all_19_LEFT	1	CGGTCGGTAGGAGGATAAAGGA	22	54.55	60.93
all_19_RIGHT	1	GACACGCTTTGTTTCTGTTCCG	22	50.00	61.02
all_20_LEFT	1	TTCTGAATTGCTGCCCGAAGAA	22	45.45	61.00
all_20_RIGHT	1	AAATCCTCTTTTCCGGTCGGAG	22	50.00	60.54
all_21_LEFT	1	TGACCCCCTGTTCTGATGAGAA	22	50.00	60.95
all_21_RIGHT	1	CTTGGCCGAGAAGGAAAAGGAT	22	50.00	60.80
all_22_LEFT	1	AAGAGAGAAGGTGATCGCATCG	22	50.00	60.40
all_22_RIGHT	1	CCCCCAATCCGTTTTGAACTGA	22	50.00	61.26
all_23_LEFT	1	GGTAGTGACTGACCACGGAAAT	22	50.00	60.21
all_23_RIGHT	1	CGCTCATCTACGACAGCTACCA	22	54.55	62.07
all_24_LEFT	1	CCTGCTGAAAGGGATCAGGAAC	22	54.55	61.13
all_24_RIGHT	1	ATTCTTTCTTCAGTGCTGGCGA	22	45.45	60.73
all_25_LEFT	1	TGCTTGTAGAAAGTGTCCTGGC	22	50.00	60.99
all_25_RIGHT	1	AAATTTTCACCGTGGCAAACCC	22	45.45	60.92
all_26_LEFT	1	CAGAACCCAGTGCTGTATCCAC	22	54.55	61.12
all_26_RIGHT	1	TTAGGGCGGGTGATTTTGGATC	22	50.00	60.87
all_27_LEFT	1	ACTGCGCGAGGTGTAGTTAAAA	22	45.45	60.73
all_27_RIGHT	1	TATACACAGCCACTCACGGAGA	22	50.00	60.80
all_28_LEFT	1	CAGGCAAGATGGCAGAAAGGAT	22	50.00	61.13
all_28_RIGHT	1	CGCTTATTGAACGCATCAGTGC	22	50.00	61.27
all_29_LEFT	1	CGCATATCTAGACGACCGCTTG	22	54.55	61.40
all_29_RIGHT	1	AGGATTTCTGACAATGGCACGT	22	45.45	60.74
all_30_LEFT	1	ACAAACCAAGGGAAAGGAAGGG	22	50.00	60.88
all_30_RIGHT	1	CTAAAGAAGGGTCCATCGCAGG	22	54.55	60.92
all_31_LEFT	1	GCCCATTCCGGTAAAGAGAGAG	22	54.55	60.66
all_31_RIGHT	1	TTTGCCACAGTAGAGGATGTGC	22	50.00	61.06
all_32_LEFT	1	CACACCACCGCGAATTAAATCG	22	50.00	60.96
all_32_RIGHT	1	GAGGACGCAGACCCAAATATCC	22	54.55	60.99
all_33_LEFT	1	ATGACTCCAGAACCAAGTCCCT	22	50.00	60.95
all_33_RIGHT	1	CGGTGTGCTGATAGTACATGCA	22	50.00	60.92
all_34_LEFT	1	GCACACAGCGATATGGTTACGA	22	50.00	61.23
all_34_RIGHT	1	GTGATTCAGGACGGGGATCTTG	22	54.55	60.92
all_35_LEFT	1	CCATCTGGAGAGAAAGCCGTTC	22	54.55	61.18
all_35_RIGHT	1	GAGCGCTATTTCCTTCGCCATA	22	50.00	61.05
all_36_LEFT	1	CGAAACGGACTCCATGATCTCA	22	50.00	60.34
all_36_RIGHT	1	GGGGTTATAGGCGTTCCTGTTG	22	54.55	61.18
all_37_LEFT	1	AGGGAGCAGCTCTGAAAAGAAA	22	45.45	60.08
all_37_RIGHT	1	CGCGTCCGTACCATGTGATATA	22	50.00	60.27
all_38_LEFT	1	ATAGCAACGGCACTGAGTGTG	21	52.38	61.04
all_38_RIGHT	1	AGATGCAACTGTACACTCCTGC	22	50.00	60.79
all_39_LEFT	1	GCAGCAGTACAGCATCAAAAGC	22	50.00	61.16
all_39_RIGHT	1	TTTGCTTTGTTTGCTCGGTTCC	22	45.45	60.92
all_40_LEFT	1	TCCTGAACGCAACGCATAATCA	22	45.45	61.11
all_40_RIGHT	1	TGGGATTGGGCAGCGAATATTT	22	45.45	60.87
all_41_LEFT	1	AAGGCGAAACCAGGCTGATATC	22	50.00	60.93
all_41_RIGHT	1	CGGTGTATTATCCAGCGCATCA	22	50.00	61.04
all_42_LEFT	1	CCGTACGCATCGTTAGGACAAT	22	50.00	60.97
all_42_RIGHT	1	CCCGTGTACCCTTCATGACATC	22	54.55	60.92
all_43_LEFT	1	GGATTTCACCGTGAAGGAAGCT	22	50.00	61.06
all_43_RIGHT	1	GGCCTGGCGGAAAAGGTATA	20	55.00	59.83
all_44_LEFT	1	ACGAAGACGCAGTTTCAAGGTT	22	45.45	61.18
all_44_RIGHT	1	TCTTCTACCGCACTGCTTTCAG	22	50.00	60.79
all_45_LEFT	1	AAATTGATAACCGCCCGTACGT	22	45.45	60.86
all_45_RIGHT	1	AAGACGCGTTTGACGGAGAGTA	22	50.00	62.13
all_46_LEFT	1	GCTTGTTTTCTTCCCCATCGGTA	23	47.83	61.38
all_46_RIGHT	1	AGCTTGACGGTGTCACAAGTAC	22	50.00	60.98
all_47_LEFT	1	AACATGGTAACCAGCTTGTCCC	22	50.00	61.00
all_47_RIGHT	1	AGATCGGCTTTACCTGTCATGC	22	50.00	60.92
all_48_LEFT	1	CAATTGTCCTAGCGTGCTCGAT	22	50.00	61.23
all_48_RIGHT	1	CAATACACGCGGGAAATACACG	22	50.00	60.46
all_49_LEFT	1	CCACGTGCGGCTTTTGTAAAAA	22	45.45	61.23
all_49_RIGHT	1	CGACCGGGGGTGAAAAATTACG	22	54.55	62.25
all_50_LEFT	1	CGCAGAAAAGTAGAGCGCTAGT	22	50.00	60.91
all_50_RIGHT	1	GCGAGATCTTCTGTGTCAGCTT	22	50.00	60.85
all_51_LEFT	1	ACGCCTCTGATGTCTACGCTAT	22	50.00	61.25
all_51_RIGHT	1	TCTTACGCTGCCTGTTGGATTC	22	50.00	61.12
all_52_LEFT	1	TGTGGATAATGTGCGTGCAGAA	22	45.45	61.05
all_52_RIGHT	1	CCACCGAACAAGTAGTCCTGAC	22	54.55	60.79
all_53_LEFT	1	TATACAGCCGTCCGCCAAATAC	22	50.00	60.73
all_53_RIGHT	1	GAATGGACAGCAGGGAGGAAAA	22	50.00	60.74
all_54_LEFT	1	CGGTCAATTCCTTCCGTCGTTA	22	50.00	60.85
all_54_RIGHT	1	CCGTTTTAATGATGCGGCACAG	22	50.00	61.22
all_55_LEFT	1	TGGAAGCGCGTGTAACATTTTG	22	45.45	60.78
all_55_RIGHT	1	CCTTCTCCGTCCACATAAGCAC	22	54.55	61.17
all_56_LEFT	1	GAGGTGCTTGCTCCTCTTTAGC	22	54.55	61.43
all_56_RIGHT	1	CCGATGCTTCTGAGGAACACAT	22	50.00	60.86
all_57_LEFT	1	TGATGGGGTTGCGTACCTTTTT	22	45.45	60.94
all_57_RIGHT	1	TCGCAGTCAAAAGCCGGAAC	20	55.00	61.52
all_58_LEFT	1	ACGCTGCTGACTATCTTTGGTG	22	50.00	61.11
all_58_RIGHT	1	GTCCGCGATACTTACACCGAAA	22	50.00	60.91
all_59_LEFT	1	TGCCTTGCTGCTACTCACTG	20	55.00	60.34
all_59_RIGHT	1	CGCATCCTCACCCCATACAAAA	22	50.00	61.13
all_60_LEFT	1	CGGGGCATAAGGCTTATGTAGG	22	54.55	60.80
all_60_RIGHT	1	TGCATGAGAATCTGCGTCGAAA	22	45.45	61.11
all_61_LEFT	1	AGCATCTTCGAGTGGCTTTCAG	22	50.00	61.11
all_61_RIGHT	1	AAATGCATGCTGCCCAATCATG	22	45.45	60.93
all_62_LEFT	1	TCCTTTGACGAGGGTAGTTTTGT	23	43.48	60.12
all_62_RIGHT	1	AAACACGCGTTACCACCAAGTA	22	45.45	60.92
all_63_LEFT	1	GCGTGTGGGATCGAAAAAGGAT	22	50.00	61.69
all_63_RIGHT	1	CGCCCCTTTTTCAACTCACAGA	22	50.00	61.51
all_64_LEFT	1	ATCAGCTTCAAGAGGGTGACAG	22	50.00	60.21
all_64_RIGHT	1	CCCAGAAATCTGTGCCAAGACA	22	50.00	61.00
all_65_LEFT	1	TCCTGGCAATTCTGGGTGAAAA	22	45.45	60.61
all_65_RIGHT	1	AGCCAAACCAGGTCAATCCATC	22	50.00	61.07
all_66_LEFT	1	GTGTCTTGTGTGGCTTGGGTAT	22	50.00	61.00
all_66_RIGHT	1	CCTCCTTCGTGCGCTTCTTATA	22	50.00	60.40
all_67_LEFT	1	ATAAAGGGGATTGGCGAAGTCG	22	50.00	60.93
all_67_RIGHT	1	CTCTTCTTCCTGCTCCTCCACA	22	54.55	61.60
all_68_LEFT	1	GGGAATCTGCAGAGTCAAAGGG	22	54.55	61.13
all_68_RIGHT	1	TTGCATACACAGGACTGTCGTG	22	50.00	61.04
all_69_LEFT	1	AGTTGTATCTGAGCTCGGCAAC	22	50.00	60.85
all_69_RIGHT	1	GGCTTGCATCGAACATTGCTTT	22	45.45	61.11
all_70_LEFT	1	CTTGCAAACGTGTGGTTGTTCC	22	50.00	61.47
all_70_RIGHT	1	CCAGAGTCTCGGATTGCACAAT	22	50.00	60.86
all_71_LEFT	1	CTCAAGACGCTTGAGTATTTCACA	24	41.67	59.63
all_71_RIGHT	1	CGGGTTTCAAAGTCGCCTTAAA	22	45.45	59.89
all_72_LEFT	1	GGACTGCTCACGATTGGTCTTT	22	50.00	61.05
all_72_RIGHT	1	GTCCAACCCGACCCAATCATTA	22	50.00	60.54
all_73_LEFT	1	ATTGGCACGTTTGGAGGAAACT	22	45.45	61.20
all_73_RIGHT	1	GCATTTGCACGCAGGATATCCT	22	50.00	61.83
